Land;hoofdstad;2-letterig
Afghanistan;Kabul;AF
Aland;Mariehamn;AX
Albanië;Tirana;AL
Algerije;Algiers;DZ
Am. Maagdeneilanden;Charlotte Amalie;VI
Amerikaans-Samoa;Pago Pago;AS
Andorra;Andorra la Vella;AD
Angola;Luanda;AO
Anguilla;The Valley;AI
Antartica;–;AQ
Antiqua en Barbuda;Saint John’s;AG
Argentinie;Buenos Aires;AR
Armenie;Jerevan;AM
Aruba;Oranjestad;AW
Australie;Canberra;AU
Azerbeidzjan;Bakoe;AZ
Bahamas;Nassau;BS
Bahrein;Manamah;BH
Bangladesh;Dhaka;BD
Barbados;Bridgetown;BB
Belgie;Brussel;BE
Belize;Belmopan;BZ
Benin;Porto-Novo;BJ
Bermuda;Hamilton;BM
Bhutan;Thimphu;BT
Bolivia;Sucre, La Paz;BO
Bosnië en Herzegovina;Sarajevo;BA
Botswana;Gaborone;BW
Brazilie;Brasilia;BR
Britse Maagdeneilanden;Road Town;VG
Brits Indische Oceaanterritorium;Camp Justice;IO
Brunei;Bandar Seri Begawan;BN
Bulgarije;Sofia;BG
Burkina Faso;Ouagadougou;BF
Cambodja;Phnom Penh;KH
Canada;Ottawa;CA
Centraal-Afrikaanse Republiek;Bangui;CF
Chili;Santiago;CL
China;Peking;CN
Christmaseiland;Flying Fish Cove;CX
Cocoseilanden;West Island;CC
Colombia;Bogota;CO
Comoren;Moroni;KM
Congo-Brazzaville;Brazzaville;CG
Congo-Kinshasa;Kinshasa;CD
Cookeilanden;Avarua;CK
Costa Rica;San José;CR
Cuba;Havana;CU
Curacao;Willemstad;CW
Cyprus;Nicosia;CY
Denemarken;Kopenhagen;DK
Djibouti;Djibouti;DJ
Dominica;Roseau;DM
Dominicaanse Republiek;Santa Domingo;DO
Duitsland;Berlijn;DE
Ecuador;Quito;EC
Egypte;Cairo;EG
El Salvador;San Salvador;SV
Equatoriaal-Guinea;Malabo;GQ
Eritrea;Asmara;ER
Estland;Tallinn;EE
Ethiopie;Addis Abeba;ET
Faeroer;Torshavn;FO
Fiji;Suva;FJ
Filipijnen;Manilla;PH
Finland;Helsinki;FI
Frankrijk;Parijs;FR
Frans-Guyana;Cayenne;GF
Gabon;Libreville;GA
Gambia;Banjul;GM
Georgie;Tbilisi;GE
Ghana;Accra;GH
Gibraltar;Gibraltar;GI
Grenada;Saint George’s;GD
Griekenland;Athene;GR
Groenland;Nuuk;GL
Guadeloupe;Basse-Terre;GP
Guam;Hagatna;GU
Guatemala;Guatemala-Stad;GT
Guernsey;Saint Peter Port;GG
Guinee;Conakry;GN
Guinee-Bissau;Bissau;GW
Guyana;Georgetown;GY
Haiti;Port-au-Prince;HT
Honduras;Tegucigalpa;HN
Hongarije;Boedapest;HU
Hongkong;Victoria – Central;HK
Ierland;Dublin;IE
IJsland;Reykjavik;IS
India;New Delhi;IN
Indonesie;Jakarta;ID
Irak;Bagdad;IQ
Iran;Teheran;IR
Israel;Jeruzalem;IL
Italie;Rome;IT
Ivoorkust;Yamoussoukro;CI
Jamaica;Kingston;JM
Japan;Tokio;JP
Jemen;Sanaa;YE
Jersey;Saint Helier;JE
Jordanie;Amman;JO
Kaaimaneilanden;Georgetown;KY
Kaapverdie;Praia;CV
Kameroen;Yaoundé;CM
Kazachstan;Astana;KZ
Kenia;Nairobi;KE
Kirgizie;Bisjkek;KG
Kiribati;Zuid-Tarawa;KI
Koeweit;Koeweit;KW
Kosovo;Pristina;XK
Kroatie;Zagreb;HR
Laos;Vientiane;LA
Lesotho;Maseru;LS
Letland;Riga;LV
Libanon;Beiroet;LB
Liberia;Monrovia;LR
Libie;Tripoli;LY
Liechtenstein;Vaduz;LI
Litouwen;Vilnius;LT
Luxemburg;Luxemburg;LU
Macedonie;Skopje;MK
Madagaskar;Antananarivo;MG
Malawi;Lilongwe;MW
Maldiven;Malé;MV
Maleisie;Kuala Lumpur;MY
Mali;Bamako;ML
Malta;Valletta;MT
Man;Douglas;IM
Marokko;Rabat;MA
Marshalleilanden;Majuro;MH
Martinique;Fort-de-France;MQ
Mauritanie;Nouakchott;MR
Mauritius;Port Louis;MU
Mayotte;Mamoudzou;YT
Mexico;Mexico-Stad;MX
Micronesia;Palikir;FM
Moldavie;Chisinau;MD
Monaco;Monaco Stad;MC
Mongolie;Ulaanbaatar;MN
Montenegro;Podgorica;ME
Mozambique;Maputo;MZ
Myanmar;Naypyidaw;MM
Namibie;Windhoek;NA
Nauru;Yaren;NR
Nederland;Amsterdam;NL
Nepal;Kathmandu;NP
Nicaragua;Managua;NI
Nieuw-Caledonie;Noumea;NC
Nieuw-Zeeland;Wellington;NZ
Niger;Niamey;NE
Nigeria;Abuja;NG
Niue;Alofi;NU
Noord Korea;Pyongyang;KP
Noorwegen;Oslo;NO
Norfolk;Kingston;NF
Oeganda;Kampala;UG
Oekraine;Kiev;UA
Oezbekistan;Tasjkent;UZ
Oman;Masqat;OM
Oost Timor;Dili;TL
Oostenrijk;Wenen;AT
Pakistan;Islamabad;PK
Palau;Ngerulmud;PW
Palestina;Ramallah;PS
Panama;Panama-Stad;PA
Papoea Nieuw Guinea;Port Moresby;PG
Paraguay;Asuncion;PY
Peru;Lima;PE
Polen;Warschau;PL
Portugal;Lissabon;PT
Puerto Rico;San Juan;PR
Qatar;Doha;QA
Reunion;Saint-Denis;RE
Roemenie;Boekarest;RO
Rusland;Moskou;RU
Rwanda;Kigali;RW
Salamonseilanden;Honiara;SB
Samoa;Apia;WS
San Marino;San Marino;SM
Saoedi Arabië;Riyad;SA
Senegal;Dakar;SN
Servie;Belgrado;RS
Seychellen;Victoria;SC
Sierra Leone;Freetown;SL
Singapore;Singapore;SG
Sint-Maarten;Philipsburg;SX
Slovenië;Ljubljana;SI
Slowakije;Bratislava;SK
Soedan;Khartoem;SD
Somalië;Mogadishu;SO
Spanje;Madrid;ES
Spitsbergen;Longyearbyen;SJ
Sri Lanka;Colombo;LK
Suriname;Paramaribo;SR
Swaziland;Mbabane, Lobamba;SZ
Syrië;Damascus;SY
Tadzjikistan;Doesjanbe;TJ
Taiwan;Taipei;TW
Tanzania;Dodoma;TZ
Thailand;Bangkok;TH
Togo;Lomé;TG
Tokelau;Atafu;TK
Tonga;Nuku’alofa;TO
Trinidad en Tobago;Port of Spain;TT
Tsjaad;Ndjamena;TD
Tsjechië;Praag;CZ
Tunesië;Tunis;TN
Turkije;Ankara;TR
Turkmenistan;Asjchabad;TM
Tuvalu;Funafuti;TV
Uruguay;Montevideo;UY
Vanuatu;Port Vila;VU
Vaticaanstad;Vaticaanstad;VA
Venezuela;Caracas;VE
Verenigd Koninkrijk;Londen;GB
Verenigde Arabische Emiraten;Abu Dhabi;AE
Verenigde Staten;Washington;US
Vietnam;Hanoi;VN
Westelijke-Sahara;Al-Ajoen;EH
Wit-Rusland;Minsk;BY
Zambia;Lusaka;ZM
Zimbabwe;Harare;ZW
Zuid-Afrika;Kaapstad, Pretoria, Bloemfontein;ZA
Zuid-Korea;Seoel;KR
Zuid-Soedan;Djoeba;SS
Zweden;Stockholm;SE
Zwitserland;Bern;CH
